Unnamed: 0,failed_url
0,https://www.cookcountysheriffil.gov/wp-content/uploads/2020/05/CCSO_BIU_CommunicationsCCDOC_v1_2020_05_30.pdfhttps://www.cookcountysheriffil.gov/wp-content/uploads/2023/10/CCSO_BIU_CommunicationsCCDOC_v1_2023_10_18.pdfhttps://www.cookcountysheriffil.gov/wp-content/uploads/2023/10/CCSO_BIU_CommunicationsCCDOC_v1_2023_10_19.pdfhttps://www.cookcountysheriffil.gov/wp-content/uploads/2023/10/CCSO_BIU_CommunicationsCCDOC_v1_2023_10_21.pdfhttps://www.cookcountysheriffil.gov/wp-content/uploads/2023/10/CCSO_BIU_CommunicationsCCDOC_v1_2023_10_22.pdfhttps://www.cookcountysheriffil.gov/wp-content/uploads/2023/10/CCSO_BIU_CommunicationsCCDOC_v1_2023_10_28.pdfhttps://www.cookcountysheriffil.gov/wp-content/uploads/2023/10/CCSO_BIU_CommunicationsCCDOC_v1_2023_10_29.pdf
1,https://www.cookcountysheriffil.gov/wp-content/uploads/2020/05/CCSO_BIU_CommunicationsCCDOC_v1_2020_05_31.pdfhttps://www.cookcountysheriffil.gov/wp-content/uploads/2023/10/CCSO_BIU_CommunicationsCCDOC_v1_2023_10_18.pdfhttps://www.cookcountysheriffil.gov/wp-content/uploads/2023/10/CCSO_BIU_CommunicationsCCDOC_v1_2023_10_19.pdfhttps://www.cookcountysheriffil.gov/wp-content/uploads/2023/10/CCSO_BIU_CommunicationsCCDOC_v1_2023_10_21.pdfhttps://www.cookcountysheriffil.gov/wp-content/uploads/2023/10/CCSO_BIU_CommunicationsCCDOC_v1_2023_10_22.pdfhttps://www.cookcountysheriffil.gov/wp-content/uploads/2023/10/CCSO_BIU_CommunicationsCCDOC_v1_2023_10_28.pdfhttps://www.cookcountysheriffil.gov/wp-content/uploads/2023/10/CCSO_BIU_CommunicationsCCDOC_v1_2023_10_29.pdf
2,https://www.cookcountysheriffil.gov/wp-content/uploads/2020/08/CCSO_BIU_CommunicationsCCDOC_v1_2020_08_15.pdfhttps://www.cookcountysheriffil.gov/wp-content/uploads/2023/10/CCSO_BIU_CommunicationsCCDOC_v1_2023_10_18.pdfhttps://www.cookcountysheriffil.gov/wp-content/uploads/2023/10/CCSO_BIU_CommunicationsCCDOC_v1_2023_10_19.pdfhttps://www.cookcountysheriffil.gov/wp-content/uploads/2023/10/CCSO_BIU_CommunicationsCCDOC_v1_2023_10_21.pdfhttps://www.cookcountysheriffil.gov/wp-content/uploads/2023/10/CCSO_BIU_CommunicationsCCDOC_v1_2023_10_22.pdfhttps://www.cookcountysheriffil.gov/wp-content/uploads/2023/10/CCSO_BIU_CommunicationsCCDOC_v1_2023_10_28.pdfhttps://www.cookcountysheriffil.gov/wp-content/uploads/2023/10/CCSO_BIU_CommunicationsCCDOC_v1_2023_10_29.pdf
3,https://www.cookcountysheriffil.gov/wp-content/uploads/2020/08/CCSO_BIU_CommunicationsCCDOC_v1_2020_08_16.pdfhttps://www.cookcountysheriffil.gov/wp-content/uploads/2023/10/CCSO_BIU_CommunicationsCCDOC_v1_2023_10_18.pdfhttps://www.cookcountysheriffil.gov/wp-content/uploads/2023/10/CCSO_BIU_CommunicationsCCDOC_v1_2023_10_19.pdfhttps://www.cookcountysheriffil.gov/wp-content/uploads/2023/10/CCSO_BIU_CommunicationsCCDOC_v1_2023_10_21.pdfhttps://www.cookcountysheriffil.gov/wp-content/uploads/2023/10/CCSO_BIU_CommunicationsCCDOC_v1_2023_10_22.pdfhttps://www.cookcountysheriffil.gov/wp-content/uploads/2023/10/CCSO_BIU_CommunicationsCCDOC_v1_2023_10_28.pdfhttps://www.cookcountysheriffil.gov/wp-content/uploads/2023/10/CCSO_BIU_CommunicationsCCDOC_v1_2023_10_29.pdf
4,https://www.cookcountysheriffil.gov/wp-content/uploads/2020/08/CCSO_BIU_CommunicationsCCDOC_v1_2020_08_17.pdfhttps://www.cookcountysheriffil.gov/wp-content/uploads/2023/10/CCSO_BIU_CommunicationsCCDOC_v1_2023_10_18.pdfhttps://www.cookcountysheriffil.gov/wp-content/uploads/2023/10/CCSO_BIU_CommunicationsCCDOC_v1_2023_10_19.pdfhttps://www.cookcountysheriffil.gov/wp-content/uploads/2023/10/CCSO_BIU_CommunicationsCCDOC_v1_2023_10_21.pdfhttps://www.cookcountysheriffil.gov/wp-content/uploads/2023/10/CCSO_BIU_CommunicationsCCDOC_v1_2023_10_22.pdfhttps://www.cookcountysheriffil.gov/wp-content/uploads/2023/10/CCSO_BIU_CommunicationsCCDOC_v1_2023_10_28.pdfhttps://www.cookcountysheriffil.gov/wp-content/uploads/2023/10/CCSO_BIU_CommunicationsCCDOC_v1_2023_10_29.pdf
5,https://www.cookcountysheriffil.gov/wp-content/uploads/2020/10/CCSO_BIU_CommunicationsCCDOC_v1_2020_10_30.pdfhttps://www.cookcountysheriffil.gov/wp-content/uploads/2023/10/CCSO_BIU_CommunicationsCCDOC_v1_2023_10_18.pdfhttps://www.cookcountysheriffil.gov/wp-content/uploads/2023/10/CCSO_BIU_CommunicationsCCDOC_v1_2023_10_19.pdfhttps://www.cookcountysheriffil.gov/wp-content/uploads/2023/10/CCSO_BIU_CommunicationsCCDOC_v1_2023_10_21.pdfhttps://www.cookcountysheriffil.gov/wp-content/uploads/2023/10/CCSO_BIU_CommunicationsCCDOC_v1_2023_10_22.pdfhttps://www.cookcountysheriffil.gov/wp-content/uploads/2023/10/CCSO_BIU_CommunicationsCCDOC_v1_2023_10_28.pdfhttps://www.cookcountysheriffil.gov/wp-content/uploads/2023/10/CCSO_BIU_CommunicationsCCDOC_v1_2023_10_29.pdf
6,https://www.cookcountysheriffil.gov/wp-content/uploads/2020/10/CCSO_BIU_CommunicationsCCDOC_v1_2020_10_31.pdfhttps://www.cookcountysheriffil.gov/wp-content/uploads/2023/10/CCSO_BIU_CommunicationsCCDOC_v1_2023_10_18.pdfhttps://www.cookcountysheriffil.gov/wp-content/uploads/2023/10/CCSO_BIU_CommunicationsCCDOC_v1_2023_10_19.pdfhttps://www.cookcountysheriffil.gov/wp-content/uploads/2023/10/CCSO_BIU_CommunicationsCCDOC_v1_2023_10_21.pdfhttps://www.cookcountysheriffil.gov/wp-content/uploads/2023/10/CCSO_BIU_CommunicationsCCDOC_v1_2023_10_22.pdfhttps://www.cookcountysheriffil.gov/wp-content/uploads/2023/10/CCSO_BIU_CommunicationsCCDOC_v1_2023_10_28.pdfhttps://www.cookcountysheriffil.gov/wp-content/uploads/2023/10/CCSO_BIU_CommunicationsCCDOC_v1_2023_10_29.pdf
7,https://www.cookcountysheriffil.gov/wp-content/uploads/2021/01/CCSO_BIU_CommunicationsCCDOC_v1_2021_01_30.pdfhttps://www.cookcountysheriffil.gov/wp-content/uploads/2023/10/CCSO_BIU_CommunicationsCCDOC_v1_2023_10_18.pdfhttps://www.cookcountysheriffil.gov/wp-content/uploads/2023/10/CCSO_BIU_CommunicationsCCDOC_v1_2023_10_19.pdfhttps://www.cookcountysheriffil.gov/wp-content/uploads/2023/10/CCSO_BIU_CommunicationsCCDOC_v1_2023_10_21.pdfhttps://www.cookcountysheriffil.gov/wp-content/uploads/2023/10/CCSO_BIU_CommunicationsCCDOC_v1_2023_10_22.pdfhttps://www.cookcountysheriffil.gov/wp-content/uploads/2023/10/CCSO_BIU_CommunicationsCCDOC_v1_2023_10_28.pdfhttps://www.cookcountysheriffil.gov/wp-content/uploads/2023/10/CCSO_BIU_CommunicationsCCDOC_v1_2023_10_29.pdf
8,https://www.cookcountysheriffil.gov/wp-content/uploads/2021/01/CCSO_BIU_CommunicationsCCDOC_v1_2021_01_31.pdfhttps://www.cookcountysheriffil.gov/wp-content/uploads/2023/10/CCSO_BIU_CommunicationsCCDOC_v1_2023_10_18.pdfhttps://www.cookcountysheriffil.gov/wp-content/uploads/2023/10/CCSO_BIU_CommunicationsCCDOC_v1_2023_10_19.pdfhttps://www.cookcountysheriffil.gov/wp-content/uploads/2023/10/CCSO_BIU_CommunicationsCCDOC_v1_2023_10_21.pdfhttps://www.cookcountysheriffil.gov/wp-content/uploads/2023/10/CCSO_BIU_CommunicationsCCDOC_v1_2023_10_22.pdfhttps://www.cookcountysheriffil.gov/wp-content/uploads/2023/10/CCSO_BIU_CommunicationsCCDOC_v1_2023_10_28.pdfhttps://www.cookcountysheriffil.gov/wp-content/uploads/2023/10/CCSO_BIU_CommunicationsCCDOC_v1_2023_10_29.pdf
9,https://www.cookcountysheriffil.gov/wp-content/uploads/2021/02/CCSO_BIU_CommunicationsCCDOC_v1_2021_02_27.pdfhttps://www.cookcountysheriffil.gov/wp-content/uploads/2023/10/CCSO_BIU_CommunicationsCCDOC_v1_2023_10_18.pdfhttps://www.cookcountysheriffil.gov/wp-content/uploads/2023/10/CCSO_BIU_CommunicationsCCDOC_v1_2023_10_19.pdfhttps://www.cookcountysheriffil.gov/wp-content/uploads/2023/10/CCSO_BIU_CommunicationsCCDOC_v1_2023_10_21.pdfhttps://www.cookcountysheriffil.gov/wp-content/uploads/2023/10/CCSO_BIU_CommunicationsCCDOC_v1_2023_10_22.pdfhttps://www.cookcountysheriffil.gov/wp-content/uploads/2023/10/CCSO_BIU_CommunicationsCCDOC_v1_2023_10_28.pdfhttps://www.cookcountysheriffil.gov/wp-content/uploads/2023/10/CCSO_BIU_CommunicationsCCDOC_v1_2023_10_29.pdf
10,https://www.cookcountysheriffil.gov/wp-content/uploads/2021/02/CCSO_BIU_CommunicationsCCDOC_v1_2021_02_28.pdfhttps://www.cookcountysheriffil.gov/wp-content/uploads/2023/10/CCSO_BIU_CommunicationsCCDOC_v1_2023_10_18.pdfhttps://www.cookcountysheriffil.gov/wp-content/uploads/2023/10/CCSO_BIU_CommunicationsCCDOC_v1_2023_10_19.pdfhttps://www.cookcountysheriffil.gov/wp-content/uploads/2023/10/CCSO_BIU_CommunicationsCCDOC_v1_2023_10_21.pdfhttps://www.cookcountysheriffil.gov/wp-content/uploads/2023/10/CCSO_BIU_CommunicationsCCDOC_v1_2023_10_22.pdfhttps://www.cookcountysheriffil.gov/wp-content/uploads/2023/10/CCSO_BIU_CommunicationsCCDOC_v1_2023_10_28.pdfhttps://www.cookcountysheriffil.gov/wp-content/uploads/2023/10/CCSO_BIU_CommunicationsCCDOC_v1_2023_10_29.pdf
11,https://www.cookcountysheriffil.gov/wp-content/uploads/2021/05/CCSO_BIU_CommunicationsCCDOC_v1_2021_05_29.pdfhttps://www.cookcountysheriffil.gov/wp-content/uploads/2023/10/CCSO_BIU_CommunicationsCCDOC_v1_2023_10_18.pdfhttps://www.cookcountysheriffil.gov/wp-content/uploads/2023/10/CCSO_BIU_CommunicationsCCDOC_v1_2023_10_19.pdfhttps://www.cookcountysheriffil.gov/wp-content/uploads/2023/10/CCSO_BIU_CommunicationsCCDOC_v1_2023_10_21.pdfhttps://www.cookcountysheriffil.gov/wp-content/uploads/2023/10/CCSO_BIU_CommunicationsCCDOC_v1_2023_10_22.pdfhttps://www.cookcountysheriffil.gov/wp-content/uploads/2023/10/CCSO_BIU_CommunicationsCCDOC_v1_2023_10_28.pdfhttps://www.cookcountysheriffil.gov/wp-content/uploads/2023/10/CCSO_BIU_CommunicationsCCDOC_v1_2023_10_29.pdf
12,https://www.cookcountysheriffil.gov/wp-content/uploads/2021/05/CCSO_BIU_CommunicationsCCDOC_v1_2021_05_30.pdfhttps://www.cookcountysheriffil.gov/wp-content/uploads/2023/10/CCSO_BIU_CommunicationsCCDOC_v1_2023_10_18.pdfhttps://www.cookcountysheriffil.gov/wp-content/uploads/2023/10/CCSO_BIU_CommunicationsCCDOC_v1_2023_10_19.pdfhttps://www.cookcountysheriffil.gov/wp-content/uploads/2023/10/CCSO_BIU_CommunicationsCCDOC_v1_2023_10_21.pdfhttps://www.cookcountysheriffil.gov/wp-content/uploads/2023/10/CCSO_BIU_CommunicationsCCDOC_v1_2023_10_22.pdfhttps://www.cookcountysheriffil.gov/wp-content/uploads/2023/10/CCSO_BIU_CommunicationsCCDOC_v1_2023_10_28.pdfhttps://www.cookcountysheriffil.gov/wp-content/uploads/2023/10/CCSO_BIU_CommunicationsCCDOC_v1_2023_10_29.pdf
13,https://www.cookcountysheriffil.gov/wp-content/uploads/2021/05/CCSO_BIU_CommunicationsCCDOC_v1_2021_05_31.pdfhttps://www.cookcountysheriffil.gov/wp-content/uploads/2023/10/CCSO_BIU_CommunicationsCCDOC_v1_2023_10_18.pdfhttps://www.cookcountysheriffil.gov/wp-content/uploads/2023/10/CCSO_BIU_CommunicationsCCDOC_v1_2023_10_19.pdfhttps://www.cookcountysheriffil.gov/wp-content/uploads/2023/10/CCSO_BIU_CommunicationsCCDOC_v1_2023_10_21.pdfhttps://www.cookcountysheriffil.gov/wp-content/uploads/2023/10/CCSO_BIU_CommunicationsCCDOC_v1_2023_10_22.pdfhttps://www.cookcountysheriffil.gov/wp-content/uploads/2023/10/CCSO_BIU_CommunicationsCCDOC_v1_2023_10_28.pdfhttps://www.cookcountysheriffil.gov/wp-content/uploads/2023/10/CCSO_BIU_CommunicationsCCDOC_v1_2023_10_29.pdf
14,https://www.cookcountysheriffil.gov/wp-content/uploads/2021/07/CCSO_BIU_CommunicationsCCDOC_v1_2021_07_31.pdfhttps://www.cookcountysheriffil.gov/wp-content/uploads/2023/10/CCSO_BIU_CommunicationsCCDOC_v1_2023_10_18.pdfhttps://www.cookcountysheriffil.gov/wp-content/uploads/2023/10/CCSO_BIU_CommunicationsCCDOC_v1_2023_10_19.pdfhttps://www.cookcountysheriffil.gov/wp-content/uploads/2023/10/CCSO_BIU_CommunicationsCCDOC_v1_2023_10_21.pdfhttps://www.cookcountysheriffil.gov/wp-content/uploads/2023/10/CCSO_BIU_CommunicationsCCDOC_v1_2023_10_22.pdfhttps://www.cookcountysheriffil.gov/wp-content/uploads/2023/10/CCSO_BIU_CommunicationsCCDOC_v1_2023_10_28.pdfhttps://www.cookcountysheriffil.gov/wp-content/uploads/2023/10/CCSO_BIU_CommunicationsCCDOC_v1_2023_10_29.pdf
15,https://www.cookcountysheriffil.gov/wp-content/uploads/2021/09/CCSO_BIU_CommunicationsCCDOC_v1_2021_09_30.pdfhttps://www.cookcountysheriffil.gov/wp-content/uploads/2023/10/CCSO_BIU_CommunicationsCCDOC_v1_2023_10_18.pdfhttps://www.cookcountysheriffil.gov/wp-content/uploads/2023/10/CCSO_BIU_CommunicationsCCDOC_v1_2023_10_19.pdfhttps://www.cookcountysheriffil.gov/wp-content/uploads/2023/10/CCSO_BIU_CommunicationsCCDOC_v1_2023_10_21.pdfhttps://www.cookcountysheriffil.gov/wp-content/uploads/2023/10/CCSO_BIU_CommunicationsCCDOC_v1_2023_10_22.pdfhttps://www.cookcountysheriffil.gov/wp-content/uploads/2023/10/CCSO_BIU_CommunicationsCCDOC_v1_2023_10_28.pdfhttps://www.cookcountysheriffil.gov/wp-content/uploads/2023/10/CCSO_BIU_CommunicationsCCDOC_v1_2023_10_29.pdf
16,https://www.cookcountysheriffil.gov/wp-content/uploads/2021/10/CCSO_BIU_CommunicationsCCDOC_v1_2021_10_30.pdfhttps://www.cookcountysheriffil.gov/wp-content/uploads/2023/10/CCSO_BIU_CommunicationsCCDOC_v1_2023_10_18.pdfhttps://www.cookcountysheriffil.gov/wp-content/uploads/2023/10/CCSO_BIU_CommunicationsCCDOC_v1_2023_10_19.pdfhttps://www.cookcountysheriffil.gov/wp-content/uploads/2023/10/CCSO_BIU_CommunicationsCCDOC_v1_2023_10_21.pdfhttps://www.cookcountysheriffil.gov/wp-content/uploads/2023/10/CCSO_BIU_CommunicationsCCDOC_v1_2023_10_22.pdfhttps://www.cookcountysheriffil.gov/wp-content/uploads/2023/10/CCSO_BIU_CommunicationsCCDOC_v1_2023_10_28.pdfhttps://www.cookcountysheriffil.gov/wp-content/uploads/2023/10/CCSO_BIU_CommunicationsCCDOC_v1_2023_10_29.pdf
17,https://www.cookcountysheriffil.gov/wp-content/uploads/2021/10/CCSO_BIU_CommunicationsCCDOC_v1_2021_10_31.pdfhttps://www.cookcountysheriffil.gov/wp-content/uploads/2023/10/CCSO_BIU_CommunicationsCCDOC_v1_2023_10_18.pdfhttps://www.cookcountysheriffil.gov/wp-content/uploads/2023/10/CCSO_BIU_CommunicationsCCDOC_v1_2023_10_19.pdfhttps://www.cookcountysheriffil.gov/wp-content/uploads/2023/10/CCSO_BIU_CommunicationsCCDOC_v1_2023_10_21.pdfhttps://www.cookcountysheriffil.gov/wp-content/uploads/2023/10/CCSO_BIU_CommunicationsCCDOC_v1_2023_10_22.pdfhttps://www.cookcountysheriffil.gov/wp-content/uploads/2023/10/CCSO_BIU_CommunicationsCCDOC_v1_2023_10_28.pdfhttps://www.cookcountysheriffil.gov/wp-content/uploads/2023/10/CCSO_BIU_CommunicationsCCDOC_v1_2023_10_29.pdf
18,https://www.cookcountysheriffil.gov/wp-content/uploads/2021/12/CCSO_BIU_CommunicationsCCDOC_v1_2021_12_31.pdfhttps://www.cookcountysheriffil.gov/wp-content/uploads/2023/10/CCSO_BIU_CommunicationsCCDOC_v1_2023_10_18.pdfhttps://www.cookcountysheriffil.gov/wp-content/uploads/2023/10/CCSO_BIU_CommunicationsCCDOC_v1_2023_10_19.pdfhttps://www.cookcountysheriffil.gov/wp-content/uploads/2023/10/CCSO_BIU_CommunicationsCCDOC_v1_2023_10_21.pdfhttps://www.cookcountysheriffil.gov/wp-content/uploads/2023/10/CCSO_BIU_CommunicationsCCDOC_v1_2023_10_22.pdfhttps://www.cookcountysheriffil.gov/wp-content/uploads/2023/10/CCSO_BIU_CommunicationsCCDOC_v1_2023_10_28.pdfhttps://www.cookcountysheriffil.gov/wp-content/uploads/2023/10/CCSO_BIU_CommunicationsCCDOC_v1_2023_10_29.pdf
19,https://www.cookcountysheriffil.gov/wp-content/uploads/2022/01/CCSO_BIU_CommunicationsCCDOC_v1_2022_01_31.pdfhttps://www.cookcountysheriffil.gov/wp-content/uploads/2023/10/CCSO_BIU_CommunicationsCCDOC_v1_2023_10_18.pdfhttps://www.cookcountysheriffil.gov/wp-content/uploads/2023/10/CCSO_BIU_CommunicationsCCDOC_v1_2023_10_19.pdfhttps://www.cookcountysheriffil.gov/wp-content/uploads/2023/10/CCSO_BIU_CommunicationsCCDOC_v1_2023_10_21.pdfhttps://www.cookcountysheriffil.gov/wp-content/uploads/2023/10/CCSO_BIU_CommunicationsCCDOC_v1_2023_10_22.pdfhttps://www.cookcountysheriffil.gov/wp-content/uploads/2023/10/CCSO_BIU_CommunicationsCCDOC_v1_2023_10_28.pdfhttps://www.cookcountysheriffil.gov/wp-content/uploads/2023/10/CCSO_BIU_CommunicationsCCDOC_v1_2023_10_29.pdf
20,https://www.cookcountysheriffil.gov/wp-content/uploads/2022/04/CCSO_BIU_CommunicationsCCDOC_v1_2022_04_29.pdfhttps://www.cookcountysheriffil.gov/wp-content/uploads/2023/10/CCSO_BIU_CommunicationsCCDOC_v1_2023_10_18.pdfhttps://www.cookcountysheriffil.gov/wp-content/uploads/2023/10/CCSO_BIU_CommunicationsCCDOC_v1_2023_10_19.pdfhttps://www.cookcountysheriffil.gov/wp-content/uploads/2023/10/CCSO_BIU_CommunicationsCCDOC_v1_2023_10_21.pdfhttps://www.cookcountysheriffil.gov/wp-content/uploads/2023/10/CCSO_BIU_CommunicationsCCDOC_v1_2023_10_22.pdfhttps://www.cookcountysheriffil.gov/wp-content/uploads/2023/10/CCSO_BIU_CommunicationsCCDOC_v1_2023_10_28.pdfhttps://www.cookcountysheriffil.gov/wp-content/uploads/2023/10/CCSO_BIU_CommunicationsCCDOC_v1_2023_10_29.pdf
21,https://www.cookcountysheriffil.gov/wp-content/uploads/2022/04/CCSO_BIU_CommunicationsCCDOC_v1_2022_04_30.pdfhttps://www.cookcountysheriffil.gov/wp-content/uploads/2023/10/CCSO_BIU_CommunicationsCCDOC_v1_2023_10_18.pdfhttps://www.cookcountysheriffil.gov/wp-content/uploads/2023/10/CCSO_BIU_CommunicationsCCDOC_v1_2023_10_19.pdfhttps://www.cookcountysheriffil.gov/wp-content/uploads/2023/10/CCSO_BIU_CommunicationsCCDOC_v1_2023_10_21.pdfhttps://www.cookcountysheriffil.gov/wp-content/uploads/2023/10/CCSO_BIU_CommunicationsCCDOC_v1_2023_10_22.pdfhttps://www.cookcountysheriffil.gov/wp-content/uploads/2023/10/CCSO_BIU_CommunicationsCCDOC_v1_2023_10_28.pdfhttps://www.cookcountysheriffil.gov/wp-content/uploads/2023/10/CCSO_BIU_CommunicationsCCDOC_v1_2023_10_29.pdf
22,https://www.cookcountysheriffil.gov/wp-content/uploads/2022/06/CCSO_BIU_CommunicationsCCDOC_v1_2022_06_30.pdfhttps://www.cookcountysheriffil.gov/wp-content/uploads/2023/10/CCSO_BIU_CommunicationsCCDOC_v1_2023_10_18.pdfhttps://www.cookcountysheriffil.gov/wp-content/uploads/2023/10/CCSO_BIU_CommunicationsCCDOC_v1_2023_10_19.pdfhttps://www.cookcountysheriffil.gov/wp-content/uploads/2023/10/CCSO_BIU_CommunicationsCCDOC_v1_2023_10_21.pdfhttps://www.cookcountysheriffil.gov/wp-content/uploads/2023/10/CCSO_BIU_CommunicationsCCDOC_v1_2023_10_22.pdfhttps://www.cookcountysheriffil.gov/wp-content/uploads/2023/10/CCSO_BIU_CommunicationsCCDOC_v1_2023_10_28.pdfhttps://www.cookcountysheriffil.gov/wp-content/uploads/2023/10/CCSO_BIU_CommunicationsCCDOC_v1_2023_10_29.pdf
23,https://www.cookcountysheriffil.gov/wp-content/uploads/2022/07/CCSO_BIU_CommunicationsCCDOC_v1_2022_07_30.pdfhttps://www.cookcountysheriffil.gov/wp-content/uploads/2023/10/CCSO_BIU_CommunicationsCCDOC_v1_2023_10_18.pdfhttps://www.cookcountysheriffil.gov/wp-content/uploads/2023/10/CCSO_BIU_CommunicationsCCDOC_v1_2023_10_19.pdfhttps://www.cookcountysheriffil.gov/wp-content/uploads/2023/10/CCSO_BIU_CommunicationsCCDOC_v1_2023_10_21.pdfhttps://www.cookcountysheriffil.gov/wp-content/uploads/2023/10/CCSO_BIU_CommunicationsCCDOC_v1_2023_10_22.pdfhttps://www.cookcountysheriffil.gov/wp-content/uploads/2023/10/CCSO_BIU_CommunicationsCCDOC_v1_2023_10_28.pdfhttps://www.cookcountysheriffil.gov/wp-content/uploads/2023/10/CCSO_BIU_CommunicationsCCDOC_v1_2023_10_29.pdf
24,https://www.cookcountysheriffil.gov/wp-content/uploads/2022/07/CCSO_BIU_CommunicationsCCDOC_v1_2022_07_31.pdfhttps://www.cookcountysheriffil.gov/wp-content/uploads/2023/10/CCSO_BIU_CommunicationsCCDOC_v1_2023_10_18.pdfhttps://www.cookcountysheriffil.gov/wp-content/uploads/2023/10/CCSO_BIU_CommunicationsCCDOC_v1_2023_10_19.pdfhttps://www.cookcountysheriffil.gov/wp-content/uploads/2023/10/CCSO_BIU_CommunicationsCCDOC_v1_2023_10_21.pdfhttps://www.cookcountysheriffil.gov/wp-content/uploads/2023/10/CCSO_BIU_CommunicationsCCDOC_v1_2023_10_22.pdfhttps://www.cookcountysheriffil.gov/wp-content/uploads/2023/10/CCSO_BIU_CommunicationsCCDOC_v1_2023_10_28.pdfhttps://www.cookcountysheriffil.gov/wp-content/uploads/2023/10/CCSO_BIU_CommunicationsCCDOC_v1_2023_10_29.pdf
25,https://www.cookcountysheriffil.gov/wp-content/uploads/2022/11/CCSO_BIU_CommunicationsCCDOC_v1_2022_11_30.pdfhttps://www.cookcountysheriffil.gov/wp-content/uploads/2023/10/CCSO_BIU_CommunicationsCCDOC_v1_2023_10_18.pdfhttps://www.cookcountysheriffil.gov/wp-content/uploads/2023/10/CCSO_BIU_CommunicationsCCDOC_v1_2023_10_19.pdfhttps://www.cookcountysheriffil.gov/wp-content/uploads/2023/10/CCSO_BIU_CommunicationsCCDOC_v1_2023_10_21.pdfhttps://www.cookcountysheriffil.gov/wp-content/uploads/2023/10/CCSO_BIU_CommunicationsCCDOC_v1_2023_10_22.pdfhttps://www.cookcountysheriffil.gov/wp-content/uploads/2023/10/CCSO_BIU_CommunicationsCCDOC_v1_2023_10_28.pdfhttps://www.cookcountysheriffil.gov/wp-content/uploads/2023/10/CCSO_BIU_CommunicationsCCDOC_v1_2023_10_29.pdf
26,https://www.cookcountysheriffil.gov/wp-content/uploads/2022/12/CCSO_BIU_CommunicationsCCDOC_v1_2022_12_31.pdfhttps://www.cookcountysheriffil.gov/wp-content/uploads/2023/10/CCSO_BIU_CommunicationsCCDOC_v1_2023_10_18.pdfhttps://www.cookcountysheriffil.gov/wp-content/uploads/2023/10/CCSO_BIU_CommunicationsCCDOC_v1_2023_10_19.pdfhttps://www.cookcountysheriffil.gov/wp-content/uploads/2023/10/CCSO_BIU_CommunicationsCCDOC_v1_2023_10_21.pdfhttps://www.cookcountysheriffil.gov/wp-content/uploads/2023/10/CCSO_BIU_CommunicationsCCDOC_v1_2023_10_22.pdfhttps://www.cookcountysheriffil.gov/wp-content/uploads/2023/10/CCSO_BIU_CommunicationsCCDOC_v1_2023_10_28.pdfhttps://www.cookcountysheriffil.gov/wp-content/uploads/2023/10/CCSO_BIU_CommunicationsCCDOC_v1_2023_10_29.pdf
27,https://www.cookcountysheriffil.gov/wp-content/uploads/2023/02/CCSO_BIU_CommunicationsCCDOC_v1_2023_02_25.pdfhttps://www.cookcountysheriffil.gov/wp-content/uploads/2023/10/CCSO_BIU_CommunicationsCCDOC_v1_2023_10_18.pdfhttps://www.cookcountysheriffil.gov/wp-content/uploads/2023/10/CCSO_BIU_CommunicationsCCDOC_v1_2023_10_19.pdfhttps://www.cookcountysheriffil.gov/wp-content/uploads/2023/10/CCSO_BIU_CommunicationsCCDOC_v1_2023_10_21.pdfhttps://www.cookcountysheriffil.gov/wp-content/uploads/2023/10/CCSO_BIU_CommunicationsCCDOC_v1_2023_10_22.pdfhttps://www.cookcountysheriffil.gov/wp-content/uploads/2023/10/CCSO_BIU_CommunicationsCCDOC_v1_2023_10_28.pdfhttps://www.cookcountysheriffil.gov/wp-content/uploads/2023/10/CCSO_BIU_CommunicationsCCDOC_v1_2023_10_29.pdf
28,https://www.cookcountysheriffil.gov/wp-content/uploads/2023/02/CCSO_BIU_CommunicationsCCDOC_v1_2023_02_26.pdfhttps://www.cookcountysheriffil.gov/wp-content/uploads/2023/10/CCSO_BIU_CommunicationsCCDOC_v1_2023_10_18.pdfhttps://www.cookcountysheriffil.gov/wp-content/uploads/2023/10/CCSO_BIU_CommunicationsCCDOC_v1_2023_10_19.pdfhttps://www.cookcountysheriffil.gov/wp-content/uploads/2023/10/CCSO_BIU_CommunicationsCCDOC_v1_2023_10_21.pdfhttps://www.cookcountysheriffil.gov/wp-content/uploads/2023/10/CCSO_BIU_CommunicationsCCDOC_v1_2023_10_22.pdfhttps://www.cookcountysheriffil.gov/wp-content/uploads/2023/10/CCSO_BIU_CommunicationsCCDOC_v1_2023_10_28.pdfhttps://www.cookcountysheriffil.gov/wp-content/uploads/2023/10/CCSO_BIU_CommunicationsCCDOC_v1_2023_10_29.pdf
29,https://www.cookcountysheriffil.gov/wp-content/uploads/2023/02/CCSO_BIU_CommunicationsCCDOC_v1_2023_02_27.pdfhttps://www.cookcountysheriffil.gov/wp-content/uploads/2023/10/CCSO_BIU_CommunicationsCCDOC_v1_2023_10_18.pdfhttps://www.cookcountysheriffil.gov/wp-content/uploads/2023/10/CCSO_BIU_CommunicationsCCDOC_v1_2023_10_19.pdfhttps://www.cookcountysheriffil.gov/wp-content/uploads/2023/10/CCSO_BIU_CommunicationsCCDOC_v1_2023_10_21.pdfhttps://www.cookcountysheriffil.gov/wp-content/uploads/2023/10/CCSO_BIU_CommunicationsCCDOC_v1_2023_10_22.pdfhttps://www.cookcountysheriffil.gov/wp-content/uploads/2023/10/CCSO_BIU_CommunicationsCCDOC_v1_2023_10_28.pdfhttps://www.cookcountysheriffil.gov/wp-content/uploads/2023/10/CCSO_BIU_CommunicationsCCDOC_v1_2023_10_29.pdf
30,https://www.cookcountysheriffil.gov/wp-content/uploads/2023/02/CCSO_BIU_CommunicationsCCDOC_v1_2023_02_28.pdfhttps://www.cookcountysheriffil.gov/wp-content/uploads/2023/10/CCSO_BIU_CommunicationsCCDOC_v1_2023_10_18.pdfhttps://www.cookcountysheriffil.gov/wp-content/uploads/2023/10/CCSO_BIU_CommunicationsCCDOC_v1_2023_10_19.pdfhttps://www.cookcountysheriffil.gov/wp-content/uploads/2023/10/CCSO_BIU_CommunicationsCCDOC_v1_2023_10_21.pdfhttps://www.cookcountysheriffil.gov/wp-content/uploads/2023/10/CCSO_BIU_CommunicationsCCDOC_v1_2023_10_22.pdfhttps://www.cookcountysheriffil.gov/wp-content/uploads/2023/10/CCSO_BIU_CommunicationsCCDOC_v1_2023_10_28.pdfhttps://www.cookcountysheriffil.gov/wp-content/uploads/2023/10/CCSO_BIU_CommunicationsCCDOC_v1_2023_10_29.pdf
31,https://www.cookcountysheriffil.gov/wp-content/uploads/2023/03/CCSO_BIU_CommunicationsCCDOC_v1_2023_03_25.pdfhttps://www.cookcountysheriffil.gov/wp-content/uploads/2023/10/CCSO_BIU_CommunicationsCCDOC_v1_2023_10_18.pdfhttps://www.cookcountysheriffil.gov/wp-content/uploads/2023/10/CCSO_BIU_CommunicationsCCDOC_v1_2023_10_19.pdfhttps://www.cookcountysheriffil.gov/wp-content/uploads/2023/10/CCSO_BIU_CommunicationsCCDOC_v1_2023_10_21.pdfhttps://www.cookcountysheriffil.gov/wp-content/uploads/2023/10/CCSO_BIU_CommunicationsCCDOC_v1_2023_10_22.pdfhttps://www.cookcountysheriffil.gov/wp-content/uploads/2023/10/CCSO_BIU_CommunicationsCCDOC_v1_2023_10_28.pdfhttps://www.cookcountysheriffil.gov/wp-content/uploads/2023/10/CCSO_BIU_CommunicationsCCDOC_v1_2023_10_29.pdf
32,https://www.cookcountysheriffil.gov/wp-content/uploads/2023/03/CCSO_BIU_CommunicationsCCDOC_v1_2023_03_26.pdfhttps://www.cookcountysheriffil.gov/wp-content/uploads/2023/10/CCSO_BIU_CommunicationsCCDOC_v1_2023_10_18.pdfhttps://www.cookcountysheriffil.gov/wp-content/uploads/2023/10/CCSO_BIU_CommunicationsCCDOC_v1_2023_10_19.pdfhttps://www.cookcountysheriffil.gov/wp-content/uploads/2023/10/CCSO_BIU_CommunicationsCCDOC_v1_2023_10_21.pdfhttps://www.cookcountysheriffil.gov/wp-content/uploads/2023/10/CCSO_BIU_CommunicationsCCDOC_v1_2023_10_22.pdfhttps://www.cookcountysheriffil.gov/wp-content/uploads/2023/10/CCSO_BIU_CommunicationsCCDOC_v1_2023_10_28.pdfhttps://www.cookcountysheriffil.gov/wp-content/uploads/2023/10/CCSO_BIU_CommunicationsCCDOC_v1_2023_10_29.pdf
33,https://www.cookcountysheriffil.gov/wp-content/uploads/2023/03/CCSO_BIU_CommunicationsCCDOC_v1_2023_03_27.pdfhttps://www.cookcountysheriffil.gov/wp-content/uploads/2023/10/CCSO_BIU_CommunicationsCCDOC_v1_2023_10_18.pdfhttps://www.cookcountysheriffil.gov/wp-content/uploads/2023/10/CCSO_BIU_CommunicationsCCDOC_v1_2023_10_19.pdfhttps://www.cookcountysheriffil.gov/wp-content/uploads/2023/10/CCSO_BIU_CommunicationsCCDOC_v1_2023_10_21.pdfhttps://www.cookcountysheriffil.gov/wp-content/uploads/2023/10/CCSO_BIU_CommunicationsCCDOC_v1_2023_10_22.pdfhttps://www.cookcountysheriffil.gov/wp-content/uploads/2023/10/CCSO_BIU_CommunicationsCCDOC_v1_2023_10_28.pdfhttps://www.cookcountysheriffil.gov/wp-content/uploads/2023/10/CCSO_BIU_CommunicationsCCDOC_v1_2023_10_29.pdf
34,https://www.cookcountysheriffil.gov/wp-content/uploads/2023/03/CCSO_BIU_CommunicationsCCDOC_v1_2023_03_28.pdfhttps://www.cookcountysheriffil.gov/wp-content/uploads/2023/10/CCSO_BIU_CommunicationsCCDOC_v1_2023_10_18.pdfhttps://www.cookcountysheriffil.gov/wp-content/uploads/2023/10/CCSO_BIU_CommunicationsCCDOC_v1_2023_10_19.pdfhttps://www.cookcountysheriffil.gov/wp-content/uploads/2023/10/CCSO_BIU_CommunicationsCCDOC_v1_2023_10_21.pdfhttps://www.cookcountysheriffil.gov/wp-content/uploads/2023/10/CCSO_BIU_CommunicationsCCDOC_v1_2023_10_22.pdfhttps://www.cookcountysheriffil.gov/wp-content/uploads/2023/10/CCSO_BIU_CommunicationsCCDOC_v1_2023_10_28.pdfhttps://www.cookcountysheriffil.gov/wp-content/uploads/2023/10/CCSO_BIU_CommunicationsCCDOC_v1_2023_10_29.pdf
35,https://www.cookcountysheriffil.gov/wp-content/uploads/2023/03/CCSO_BIU_CommunicationsCCDOC_v1_2023_03_29.pdfhttps://www.cookcountysheriffil.gov/wp-content/uploads/2023/10/CCSO_BIU_CommunicationsCCDOC_v1_2023_10_18.pdfhttps://www.cookcountysheriffil.gov/wp-content/uploads/2023/10/CCSO_BIU_CommunicationsCCDOC_v1_2023_10_19.pdfhttps://www.cookcountysheriffil.gov/wp-content/uploads/2023/10/CCSO_BIU_CommunicationsCCDOC_v1_2023_10_21.pdfhttps://www.cookcountysheriffil.gov/wp-content/uploads/2023/10/CCSO_BIU_CommunicationsCCDOC_v1_2023_10_22.pdfhttps://www.cookcountysheriffil.gov/wp-content/uploads/2023/10/CCSO_BIU_CommunicationsCCDOC_v1_2023_10_28.pdfhttps://www.cookcountysheriffil.gov/wp-content/uploads/2023/10/CCSO_BIU_CommunicationsCCDOC_v1_2023_10_29.pdf
36,https://www.cookcountysheriffil.gov/wp-content/uploads/2023/03/CCSO_BIU_CommunicationsCCDOC_v1_2023_03_30.pdfhttps://www.cookcountysheriffil.gov/wp-content/uploads/2023/10/CCSO_BIU_CommunicationsCCDOC_v1_2023_10_18.pdfhttps://www.cookcountysheriffil.gov/wp-content/uploads/2023/10/CCSO_BIU_CommunicationsCCDOC_v1_2023_10_19.pdfhttps://www.cookcountysheriffil.gov/wp-content/uploads/2023/10/CCSO_BIU_CommunicationsCCDOC_v1_2023_10_21.pdfhttps://www.cookcountysheriffil.gov/wp-content/uploads/2023/10/CCSO_BIU_CommunicationsCCDOC_v1_2023_10_22.pdfhttps://www.cookcountysheriffil.gov/wp-content/uploads/2023/10/CCSO_BIU_CommunicationsCCDOC_v1_2023_10_28.pdfhttps://www.cookcountysheriffil.gov/wp-content/uploads/2023/10/CCSO_BIU_CommunicationsCCDOC_v1_2023_10_29.pdf
37,https://www.cookcountysheriffil.gov/wp-content/uploads/2023/03/CCSO_BIU_CommunicationsCCDOC_v1_2023_03_31.pdfhttps://www.cookcountysheriffil.gov/wp-content/uploads/2023/10/CCSO_BIU_CommunicationsCCDOC_v1_2023_10_18.pdfhttps://www.cookcountysheriffil.gov/wp-content/uploads/2023/10/CCSO_BIU_CommunicationsCCDOC_v1_2023_10_19.pdfhttps://www.cookcountysheriffil.gov/wp-content/uploads/2023/10/CCSO_BIU_CommunicationsCCDOC_v1_2023_10_21.pdfhttps://www.cookcountysheriffil.gov/wp-content/uploads/2023/10/CCSO_BIU_CommunicationsCCDOC_v1_2023_10_22.pdfhttps://www.cookcountysheriffil.gov/wp-content/uploads/2023/10/CCSO_BIU_CommunicationsCCDOC_v1_2023_10_28.pdfhttps://www.cookcountysheriffil.gov/wp-content/uploads/2023/10/CCSO_BIU_CommunicationsCCDOC_v1_2023_10_29.pdf
38,https://www.cookcountysheriffil.gov/wp-content/uploads/2023/04/CCSO_BIU_CommunicationsCCDOC_v1_2023_04_29.pdfhttps://www.cookcountysheriffil.gov/wp-content/uploads/2023/10/CCSO_BIU_CommunicationsCCDOC_v1_2023_10_18.pdfhttps://www.cookcountysheriffil.gov/wp-content/uploads/2023/10/CCSO_BIU_CommunicationsCCDOC_v1_2023_10_19.pdfhttps://www.cookcountysheriffil.gov/wp-content/uploads/2023/10/CCSO_BIU_CommunicationsCCDOC_v1_2023_10_21.pdfhttps://www.cookcountysheriffil.gov/wp-content/uploads/2023/10/CCSO_BIU_CommunicationsCCDOC_v1_2023_10_22.pdfhttps://www.cookcountysheriffil.gov/wp-content/uploads/2023/10/CCSO_BIU_CommunicationsCCDOC_v1_2023_10_28.pdfhttps://www.cookcountysheriffil.gov/wp-content/uploads/2023/10/CCSO_BIU_CommunicationsCCDOC_v1_2023_10_29.pdf
39,https://www.cookcountysheriffil.gov/wp-content/uploads/2023/04/CCSO_BIU_CommunicationsCCDOC_v1_2023_04_30.pdfhttps://www.cookcountysheriffil.gov/wp-content/uploads/2023/10/CCSO_BIU_CommunicationsCCDOC_v1_2023_10_18.pdfhttps://www.cookcountysheriffil.gov/wp-content/uploads/2023/10/CCSO_BIU_CommunicationsCCDOC_v1_2023_10_19.pdfhttps://www.cookcountysheriffil.gov/wp-content/uploads/2023/10/CCSO_BIU_CommunicationsCCDOC_v1_2023_10_21.pdfhttps://www.cookcountysheriffil.gov/wp-content/uploads/2023/10/CCSO_BIU_CommunicationsCCDOC_v1_2023_10_22.pdfhttps://www.cookcountysheriffil.gov/wp-content/uploads/2023/10/CCSO_BIU_CommunicationsCCDOC_v1_2023_10_28.pdfhttps://www.cookcountysheriffil.gov/wp-content/uploads/2023/10/CCSO_BIU_CommunicationsCCDOC_v1_2023_10_29.pdf
40,https://www.cookcountysheriffil.gov/wp-content/uploads/2023/07/CCSO_BIU_CommunicationsCCDOC_v1_2023_07_20.pdfhttps://www.cookcountysheriffil.gov/wp-content/uploads/2023/10/CCSO_BIU_CommunicationsCCDOC_v1_2023_10_18.pdfhttps://www.cookcountysheriffil.gov/wp-content/uploads/2023/10/CCSO_BIU_CommunicationsCCDOC_v1_2023_10_19.pdfhttps://www.cookcountysheriffil.gov/wp-content/uploads/2023/10/CCSO_BIU_CommunicationsCCDOC_v1_2023_10_21.pdfhttps://www.cookcountysheriffil.gov/wp-content/uploads/2023/10/CCSO_BIU_CommunicationsCCDOC_v1_2023_10_22.pdfhttps://www.cookcountysheriffil.gov/wp-content/uploads/2023/10/CCSO_BIU_CommunicationsCCDOC_v1_2023_10_28.pdfhttps://www.cookcountysheriffil.gov/wp-content/uploads/2023/10/CCSO_BIU_CommunicationsCCDOC_v1_2023_10_29.pdf
41,https://www.cookcountysheriffil.gov/wp-content/uploads/2023/07/CCSO_BIU_CommunicationsCCDOC_v1_2023_07_21.pdfhttps://www.cookcountysheriffil.gov/wp-content/uploads/2023/10/CCSO_BIU_CommunicationsCCDOC_v1_2023_10_18.pdfhttps://www.cookcountysheriffil.gov/wp-content/uploads/2023/10/CCSO_BIU_CommunicationsCCDOC_v1_2023_10_19.pdfhttps://www.cookcountysheriffil.gov/wp-content/uploads/2023/10/CCSO_BIU_CommunicationsCCDOC_v1_2023_10_21.pdfhttps://www.cookcountysheriffil.gov/wp-content/uploads/2023/10/CCSO_BIU_CommunicationsCCDOC_v1_2023_10_22.pdfhttps://www.cookcountysheriffil.gov/wp-content/uploads/2023/10/CCSO_BIU_CommunicationsCCDOC_v1_2023_10_28.pdfhttps://www.cookcountysheriffil.gov/wp-content/uploads/2023/10/CCSO_BIU_CommunicationsCCDOC_v1_2023_10_29.pdf
42,https://www.cookcountysheriffil.gov/wp-content/uploads/2023/07/CCSO_BIU_CommunicationsCCDOC_v1_2023_07_22.pdfhttps://www.cookcountysheriffil.gov/wp-content/uploads/2023/10/CCSO_BIU_CommunicationsCCDOC_v1_2023_10_18.pdfhttps://www.cookcountysheriffil.gov/wp-content/uploads/2023/10/CCSO_BIU_CommunicationsCCDOC_v1_2023_10_19.pdfhttps://www.cookcountysheriffil.gov/wp-content/uploads/2023/10/CCSO_BIU_CommunicationsCCDOC_v1_2023_10_21.pdfhttps://www.cookcountysheriffil.gov/wp-content/uploads/2023/10/CCSO_BIU_CommunicationsCCDOC_v1_2023_10_22.pdfhttps://www.cookcountysheriffil.gov/wp-content/uploads/2023/10/CCSO_BIU_CommunicationsCCDOC_v1_2023_10_28.pdfhttps://www.cookcountysheriffil.gov/wp-content/uploads/2023/10/CCSO_BIU_CommunicationsCCDOC_v1_2023_10_29.pdf
43,https://www.cookcountysheriffil.gov/wp-content/uploads/2023/07/CCSO_BIU_CommunicationsCCDOC_v1_2023_07_23.pdfhttps://www.cookcountysheriffil.gov/wp-content/uploads/2023/10/CCSO_BIU_CommunicationsCCDOC_v1_2023_10_18.pdfhttps://www.cookcountysheriffil.gov/wp-content/uploads/2023/10/CCSO_BIU_CommunicationsCCDOC_v1_2023_10_19.pdfhttps://www.cookcountysheriffil.gov/wp-content/uploads/2023/10/CCSO_BIU_CommunicationsCCDOC_v1_2023_10_21.pdfhttps://www.cookcountysheriffil.gov/wp-content/uploads/2023/10/CCSO_BIU_CommunicationsCCDOC_v1_2023_10_22.pdfhttps://www.cookcountysheriffil.gov/wp-content/uploads/2023/10/CCSO_BIU_CommunicationsCCDOC_v1_2023_10_28.pdfhttps://www.cookcountysheriffil.gov/wp-content/uploads/2023/10/CCSO_BIU_CommunicationsCCDOC_v1_2023_10_29.pdf
44,https://www.cookcountysheriffil.gov/wp-content/uploads/2023/07/CCSO_BIU_CommunicationsCCDOC_v1_2023_07_24.pdfhttps://www.cookcountysheriffil.gov/wp-content/uploads/2023/10/CCSO_BIU_CommunicationsCCDOC_v1_2023_10_18.pdfhttps://www.cookcountysheriffil.gov/wp-content/uploads/2023/10/CCSO_BIU_CommunicationsCCDOC_v1_2023_10_19.pdfhttps://www.cookcountysheriffil.gov/wp-content/uploads/2023/10/CCSO_BIU_CommunicationsCCDOC_v1_2023_10_21.pdfhttps://www.cookcountysheriffil.gov/wp-content/uploads/2023/10/CCSO_BIU_CommunicationsCCDOC_v1_2023_10_22.pdfhttps://www.cookcountysheriffil.gov/wp-content/uploads/2023/10/CCSO_BIU_CommunicationsCCDOC_v1_2023_10_28.pdfhttps://www.cookcountysheriffil.gov/wp-content/uploads/2023/10/CCSO_BIU_CommunicationsCCDOC_v1_2023_10_29.pdf
45,https://www.cookcountysheriffil.gov/wp-content/uploads/2023/07/CCSO_BIU_CommunicationsCCDOC_v1_2023_07_25.pdfhttps://www.cookcountysheriffil.gov/wp-content/uploads/2023/10/CCSO_BIU_CommunicationsCCDOC_v1_2023_10_18.pdfhttps://www.cookcountysheriffil.gov/wp-content/uploads/2023/10/CCSO_BIU_CommunicationsCCDOC_v1_2023_10_19.pdfhttps://www.cookcountysheriffil.gov/wp-content/uploads/2023/10/CCSO_BIU_CommunicationsCCDOC_v1_2023_10_21.pdfhttps://www.cookcountysheriffil.gov/wp-content/uploads/2023/10/CCSO_BIU_CommunicationsCCDOC_v1_2023_10_22.pdfhttps://www.cookcountysheriffil.gov/wp-content/uploads/2023/10/CCSO_BIU_CommunicationsCCDOC_v1_2023_10_28.pdfhttps://www.cookcountysheriffil.gov/wp-content/uploads/2023/10/CCSO_BIU_CommunicationsCCDOC_v1_2023_10_29.pdf
46,https://www.cookcountysheriffil.gov/wp-content/uploads/2023/07/CCSO_BIU_CommunicationsCCDOC_v1_2023_07_26.pdfhttps://www.cookcountysheriffil.gov/wp-content/uploads/2023/10/CCSO_BIU_CommunicationsCCDOC_v1_2023_10_18.pdfhttps://www.cookcountysheriffil.gov/wp-content/uploads/2023/10/CCSO_BIU_CommunicationsCCDOC_v1_2023_10_19.pdfhttps://www.cookcountysheriffil.gov/wp-content/uploads/2023/10/CCSO_BIU_CommunicationsCCDOC_v1_2023_10_21.pdfhttps://www.cookcountysheriffil.gov/wp-content/uploads/2023/10/CCSO_BIU_CommunicationsCCDOC_v1_2023_10_22.pdfhttps://www.cookcountysheriffil.gov/wp-content/uploads/2023/10/CCSO_BIU_CommunicationsCCDOC_v1_2023_10_28.pdfhttps://www.cookcountysheriffil.gov/wp-content/uploads/2023/10/CCSO_BIU_CommunicationsCCDOC_v1_2023_10_29.pdf
47,https://www.cookcountysheriffil.gov/wp-content/uploads/2023/07/CCSO_BIU_CommunicationsCCDOC_v1_2023_07_27.pdfhttps://www.cookcountysheriffil.gov/wp-content/uploads/2023/10/CCSO_BIU_CommunicationsCCDOC_v1_2023_10_18.pdfhttps://www.cookcountysheriffil.gov/wp-content/uploads/2023/10/CCSO_BIU_CommunicationsCCDOC_v1_2023_10_19.pdfhttps://www.cookcountysheriffil.gov/wp-content/uploads/2023/10/CCSO_BIU_CommunicationsCCDOC_v1_2023_10_21.pdfhttps://www.cookcountysheriffil.gov/wp-content/uploads/2023/10/CCSO_BIU_CommunicationsCCDOC_v1_2023_10_22.pdfhttps://www.cookcountysheriffil.gov/wp-content/uploads/2023/10/CCSO_BIU_CommunicationsCCDOC_v1_2023_10_28.pdfhttps://www.cookcountysheriffil.gov/wp-content/uploads/2023/10/CCSO_BIU_CommunicationsCCDOC_v1_2023_10_29.pdf
48,https://www.cookcountysheriffil.gov/wp-content/uploads/2023/07/CCSO_BIU_CommunicationsCCDOC_v1_2023_07_28.pdfhttps://www.cookcountysheriffil.gov/wp-content/uploads/2023/10/CCSO_BIU_CommunicationsCCDOC_v1_2023_10_18.pdfhttps://www.cookcountysheriffil.gov/wp-content/uploads/2023/10/CCSO_BIU_CommunicationsCCDOC_v1_2023_10_19.pdfhttps://www.cookcountysheriffil.gov/wp-content/uploads/2023/10/CCSO_BIU_CommunicationsCCDOC_v1_2023_10_21.pdfhttps://www.cookcountysheriffil.gov/wp-content/uploads/2023/10/CCSO_BIU_CommunicationsCCDOC_v1_2023_10_22.pdfhttps://www.cookcountysheriffil.gov/wp-content/uploads/2023/10/CCSO_BIU_CommunicationsCCDOC_v1_2023_10_28.pdfhttps://www.cookcountysheriffil.gov/wp-content/uploads/2023/10/CCSO_BIU_CommunicationsCCDOC_v1_2023_10_29.pdf
49,https://www.cookcountysheriffil.gov/wp-content/uploads/2023/07/CCSO_BIU_CommunicationsCCDOC_v1_2023_07_29.pdfhttps://www.cookcountysheriffil.gov/wp-content/uploads/2023/10/CCSO_BIU_CommunicationsCCDOC_v1_2023_10_18.pdfhttps://www.cookcountysheriffil.gov/wp-content/uploads/2023/10/CCSO_BIU_CommunicationsCCDOC_v1_2023_10_19.pdfhttps://www.cookcountysheriffil.gov/wp-content/uploads/2023/10/CCSO_BIU_CommunicationsCCDOC_v1_2023_10_21.pdfhttps://www.cookcountysheriffil.gov/wp-content/uploads/2023/10/CCSO_BIU_CommunicationsCCDOC_v1_2023_10_22.pdfhttps://www.cookcountysheriffil.gov/wp-content/uploads/2023/10/CCSO_BIU_CommunicationsCCDOC_v1_2023_10_28.pdfhttps://www.cookcountysheriffil.gov/wp-content/uploads/2023/10/CCSO_BIU_CommunicationsCCDOC_v1_2023_10_29.pdf
50,https://www.cookcountysheriffil.gov/wp-content/uploads/2023/07/CCSO_BIU_CommunicationsCCDOC_v1_2023_07_30.pdfhttps://www.cookcountysheriffil.gov/wp-content/uploads/2023/10/CCSO_BIU_CommunicationsCCDOC_v1_2023_10_18.pdfhttps://www.cookcountysheriffil.gov/wp-content/uploads/2023/10/CCSO_BIU_CommunicationsCCDOC_v1_2023_10_19.pdfhttps://www.cookcountysheriffil.gov/wp-content/uploads/2023/10/CCSO_BIU_CommunicationsCCDOC_v1_2023_10_21.pdfhttps://www.cookcountysheriffil.gov/wp-content/uploads/2023/10/CCSO_BIU_CommunicationsCCDOC_v1_2023_10_22.pdfhttps://www.cookcountysheriffil.gov/wp-content/uploads/2023/10/CCSO_BIU_CommunicationsCCDOC_v1_2023_10_28.pdfhttps://www.cookcountysheriffil.gov/wp-content/uploads/2023/10/CCSO_BIU_CommunicationsCCDOC_v1_2023_10_29.pdf
51,https://www.cookcountysheriffil.gov/wp-content/uploads/2023/07/CCSO_BIU_CommunicationsCCDOC_v1_2023_07_31.pdfhttps://www.cookcountysheriffil.gov/wp-content/uploads/2023/10/CCSO_BIU_CommunicationsCCDOC_v1_2023_10_18.pdfhttps://www.cookcountysheriffil.gov/wp-content/uploads/2023/10/CCSO_BIU_CommunicationsCCDOC_v1_2023_10_19.pdfhttps://www.cookcountysheriffil.gov/wp-content/uploads/2023/10/CCSO_BIU_CommunicationsCCDOC_v1_2023_10_21.pdfhttps://www.cookcountysheriffil.gov/wp-content/uploads/2023/10/CCSO_BIU_CommunicationsCCDOC_v1_2023_10_22.pdfhttps://www.cookcountysheriffil.gov/wp-content/uploads/2023/10/CCSO_BIU_CommunicationsCCDOC_v1_2023_10_28.pdfhttps://www.cookcountysheriffil.gov/wp-content/uploads/2023/10/CCSO_BIU_CommunicationsCCDOC_v1_2023_10_29.pdf
52,https://www.cookcountysheriffil.gov/wp-content/uploads/2023/08/CCSO_BIU_CommunicationsCCDOC_v1_2023_08_04.pdfhttps://www.cookcountysheriffil.gov/wp-content/uploads/2023/10/CCSO_BIU_CommunicationsCCDOC_v1_2023_10_18.pdfhttps://www.cookcountysheriffil.gov/wp-content/uploads/2023/10/CCSO_BIU_CommunicationsCCDOC_v1_2023_10_19.pdfhttps://www.cookcountysheriffil.gov/wp-content/uploads/2023/10/CCSO_BIU_CommunicationsCCDOC_v1_2023_10_21.pdfhttps://www.cookcountysheriffil.gov/wp-content/uploads/2023/10/CCSO_BIU_CommunicationsCCDOC_v1_2023_10_22.pdfhttps://www.cookcountysheriffil.gov/wp-content/uploads/2023/10/CCSO_BIU_CommunicationsCCDOC_v1_2023_10_28.pdfhttps://www.cookcountysheriffil.gov/wp-content/uploads/2023/10/CCSO_BIU_CommunicationsCCDOC_v1_2023_10_29.pdf
53,https://www.cookcountysheriffil.gov/wp-content/uploads/2023/09/CCSO_BIU_CommunicationsCCDOC_v1_2023_09_23.pdfhttps://www.cookcountysheriffil.gov/wp-content/uploads/2023/10/CCSO_BIU_CommunicationsCCDOC_v1_2023_10_18.pdfhttps://www.cookcountysheriffil.gov/wp-content/uploads/2023/10/CCSO_BIU_CommunicationsCCDOC_v1_2023_10_19.pdfhttps://www.cookcountysheriffil.gov/wp-content/uploads/2023/10/CCSO_BIU_CommunicationsCCDOC_v1_2023_10_21.pdfhttps://www.cookcountysheriffil.gov/wp-content/uploads/2023/10/CCSO_BIU_CommunicationsCCDOC_v1_2023_10_22.pdfhttps://www.cookcountysheriffil.gov/wp-content/uploads/2023/10/CCSO_BIU_CommunicationsCCDOC_v1_2023_10_28.pdfhttps://www.cookcountysheriffil.gov/wp-content/uploads/2023/10/CCSO_BIU_CommunicationsCCDOC_v1_2023_10_29.pdf
54,https://www.cookcountysheriffil.gov/wp-content/uploads/2023/09/CCSO_BIU_CommunicationsCCDOC_v1_2023_09_24.pdfhttps://www.cookcountysheriffil.gov/wp-content/uploads/2023/10/CCSO_BIU_CommunicationsCCDOC_v1_2023_10_18.pdfhttps://www.cookcountysheriffil.gov/wp-content/uploads/2023/10/CCSO_BIU_CommunicationsCCDOC_v1_2023_10_19.pdfhttps://www.cookcountysheriffil.gov/wp-content/uploads/2023/10/CCSO_BIU_CommunicationsCCDOC_v1_2023_10_21.pdfhttps://www.cookcountysheriffil.gov/wp-content/uploads/2023/10/CCSO_BIU_CommunicationsCCDOC_v1_2023_10_22.pdfhttps://www.cookcountysheriffil.gov/wp-content/uploads/2023/10/CCSO_BIU_CommunicationsCCDOC_v1_2023_10_28.pdfhttps://www.cookcountysheriffil.gov/wp-content/uploads/2023/10/CCSO_BIU_CommunicationsCCDOC_v1_2023_10_29.pdf
55,https://www.cookcountysheriffil.gov/wp-content/uploads/2023/09/CCSO_BIU_CommunicationsCCDOC_v1_2023_09_25.pdfhttps://www.cookcountysheriffil.gov/wp-content/uploads/2023/10/CCSO_BIU_CommunicationsCCDOC_v1_2023_10_18.pdfhttps://www.cookcountysheriffil.gov/wp-content/uploads/2023/10/CCSO_BIU_CommunicationsCCDOC_v1_2023_10_19.pdfhttps://www.cookcountysheriffil.gov/wp-content/uploads/2023/10/CCSO_BIU_CommunicationsCCDOC_v1_2023_10_21.pdfhttps://www.cookcountysheriffil.gov/wp-content/uploads/2023/10/CCSO_BIU_CommunicationsCCDOC_v1_2023_10_22.pdfhttps://www.cookcountysheriffil.gov/wp-content/uploads/2023/10/CCSO_BIU_CommunicationsCCDOC_v1_2023_10_28.pdfhttps://www.cookcountysheriffil.gov/wp-content/uploads/2023/10/CCSO_BIU_CommunicationsCCDOC_v1_2023_10_29.pdf
56,https://www.cookcountysheriffil.gov/wp-content/uploads/2023/09/CCSO_BIU_CommunicationsCCDOC_v1_2023_09_30.pdfhttps://www.cookcountysheriffil.gov/wp-content/uploads/2023/10/CCSO_BIU_CommunicationsCCDOC_v1_2023_10_18.pdfhttps://www.cookcountysheriffil.gov/wp-content/uploads/2023/10/CCSO_BIU_CommunicationsCCDOC_v1_2023_10_19.pdfhttps://www.cookcountysheriffil.gov/wp-content/uploads/2023/10/CCSO_BIU_CommunicationsCCDOC_v1_2023_10_21.pdfhttps://www.cookcountysheriffil.gov/wp-content/uploads/2023/10/CCSO_BIU_CommunicationsCCDOC_v1_2023_10_22.pdfhttps://www.cookcountysheriffil.gov/wp-content/uploads/2023/10/CCSO_BIU_CommunicationsCCDOC_v1_2023_10_28.pdfhttps://www.cookcountysheriffil.gov/wp-content/uploads/2023/10/CCSO_BIU_CommunicationsCCDOC_v1_2023_10_29.pdf
